N,Linear,Sum,Product,Polynom,Polynom Horner,Bubble sort,Quick sort,Tim sort,Matrix product
1,0,0,0,0,0,0,0,0,1
2,0,0,0,0,0,0,0,0,1
3,0,0,0,0,0,0,0,0,2
4,0,0,0,0,0,0,0,0,3
5,0,0,0,0,0,0,1,0,3
6,0,1,0,0,1,0,1,0,5
7,0,0,0,0,1,1,1,0,7
8,0,0,0,0,1,1,1,0,10
9,0,0,0,0,1,1,1,0,14
10,0,0,0,0,1,1,1,1,17
11,0,0,0,0,1,1,1,1,22
12,0,0,0,1,1,1,1,1,27
13,0,0,0,1,1,2,1,1,34
14,0,0,0,1,1,2,2,1,40
15,0,0,0,1,1,2,2,1,49
16,1,0,0,1,1,2,2,1,58
17,0,0,0,1,1,3,2,1,71
18,1,0,0,1,1,3,2,1,86
19,0,0,0,1,1,3,2,1,96
20,1,1,1,1,1,4,2,1,112
21,1,1,1,1,1,4,2,1,127
22,1,1,1,1,1,4,2,1,149
23,1,1,1,1,1,5,2,1,165
24,1,1,1,1,1,5,3,2,190
25,1,1,1,1,1,5,3,2,220
26,1,1,1,1,1,6,3,2,248
27,1,1,1,1,1,7,3,2,268
28,1,1,1,1,1,7,3,2,298
29,1,1,1,1,2,7,3,2,327
30,1,1,1,1,2,8,4,2,373
31,1,1,1,1,2,8,4,2,399
32,1,1,1,1,2,8,4,3,434
33,1,1,1,1,2,9,4,3,486
34,1,1,1,1,2,10,4,3,530
35,1,1,1,1,2,10,4,3,571
36,1,1,1,1,2,11,4,3,622
37,1,1,1,1,2,12,4,3,684
38,1,1,1,1,2,12,5,4,747
39,1,1,1,1,2,13,5,4,805
40,1,1,1,1,2,13,5,4,864
41,1,1,1,1,2,14,5,4,935
42,1,1,1,1,2,15,5,4,1001
43,1,1,1,1,2,15,6,4,1077
44,1,1,1,1,2,16,5,4,1127
45,1,3,1,2,2,16,5,5,1230
46,1,1,1,2,2,19,6,5,1383
47,1,1,1,2,3,20,6,5,1464
48,1,1,1,2,3,20,7,6,1564
49,1,1,1,2,2,21,7,6,1656
50,1,1,1,2,3,22,7,6,1757
51,1,1,1,2,2,23,7,6,1856
52,1,1,1,2,3,23,7,6,1974
53,1,1,1,2,3,24,7,6,2092
54,1,1,1,2,3,25,7,7,2225
55,1,1,1,2,3,26,8,7,2345
56,1,1,1,2,3,27,8,7,2485
57,2,1,1,2,3,27,8,7,2605
58,1,1,1,2,3,29,8,8,2791
59,1,1,1,2,3,30,8,8,2950
60,1,2,3,3,3,30,8,8,3091
61,1,1,1,2,3,33,9,8,3272
62,2,1,1,2,3,29,8,8,3189
63,1,1,1,2,3,32,8,8,3380
64,1,1,1,2,3,32,8,8,3568
65,1,2,1,2,3,36,9,11,4004
66,2,1,2,2,3,37,9,11,4198
67,1,2,2,6,4,35,8,10,4076
68,1,1,1,2,3,37,9,10,4288
69,1,1,2,3,3,38,9,11,4549
70,1,1,1,2,3,39,9,11,4952
71,2,1,1,2,3,42,10,11,5237
72,2,2,1,2,3,44,11,12,5516
73,2,2,2,2,4,45,11,11,5761
74,2,1,2,2,4,46,11,12,5970
75,2,2,2,3,4,48,11,12,6224
76,2,2,1,2,3,43,10,10,6124
77,2,2,2,2,4,48,11,12,6456
78,2,2,1,3,4,50,11,12,6815
79,2,2,2,3,4,53,12,12,7268
80,2,1,2,2,3,47,10,11,7259
81,2,2,2,3,4,54,11,12,8095
82,2,2,2,3,4,57,12,13,8350
83,2,2,2,3,4,58,12,12,8758
84,2,2,2,3,4,60,13,13,9007
85,2,2,2,3,4,61,12,13,9349
86,2,2,2,3,6,65,13,14,9834
87,2,2,2,3,4,56,11,11,9430
88,2,2,2,3,4,62,13,13,9802
89,2,2,2,3,4,63,12,13,10150
90,2,2,2,3,4,65,13,13,10487
91,2,2,2,3,4,67,13,14,10845
92,2,2,2,3,4,68,13,13,11210
93,2,2,2,3,4,70,13,14,11611
94,2,2,2,3,4,71,14,14,11992
95,2,2,2,3,5,74,14,14,12417
96,2,2,2,3,5,75,14,14,12709
97,2,2,2,3,4,75,15,14,13175
98,2,2,2,3,5,77,14,14,13619
99,2,2,2,3,5,78,14,15,14019
100,2,2,2,3,5,85,14,15,14800
101,2,2,2,3,5,83,15,15,14932
102,2,2,2,3,5,83,15,15,15303
103,2,2,2,3,5,85,15,15,15771
104,2,2,2,5,12,85,15,15,16782
105,2,2,2,3,5,94,16,16,16850
106,2,2,2,3,5,90,15,15,17099
107,2,2,2,3,5,91,15,16,17547
108,2,2,2,3,5,92,15,16,17998
109,2,2,2,3,5,94,16,25,18585
110,2,2,2,3,5,95,16,16,19128
111,2,2,2,4,5,98,16,16,19697
112,2,2,2,3,5,98,17,17,20221
113,2,3,2,3,5,102,16,17,20646
114,2,2,2,3,5,105,16,18,21226
115,3,2,2,3,5,104,17,18,21799
116,2,2,2,3,5,107,17,19,22396
117,2,2,2,3,5,117,17,18,22955
118,2,2,2,4,5,110,17,18,23525
119,2,2,2,4,5,111,17,20,24471
120,2,2,2,4,6,118,18,19,25469
121,2,2,2,4,6,119,18,20,25797
122,2,2,2,4,6,118,18,19,26054
123,2,2,2,4,5,120,18,19,26689
124,2,2,2,4,6,124,19,20,27840
125,2,3,2,4,6,126,19,21,28590
126,2,3,3,4,5,129,19,21,28702
127,2,2,2,4,6,128,19,20,29383
128,2,2,2,4,6,129,19,21,29989
129,2,2,2,4,6,132,19,23,31091
130,3,3,2,4,6,136,20,24,32346
131,3,3,2,4,6,140,20,24,32927
132,3,2,2,4,6,137,20,24,32938
133,2,2,3,4,6,141,20,24,33832
134,3,3,2,4,6,143,20,23,34959
135,3,3,3,4,6,156,22,25,37671
136,3,3,3,4,7,156,21,25,38568
137,3,3,3,4,7,159,22,25,39385
138,3,3,3,4,7,183,22,26,39410
139,3,3,3,5,7,166,22,26,41208
140,3,3,3,4,7,165,23,26,41941
141,3,3,2,4,7,166,23,27,42907
142,3,3,3,4,7,171,23,26,41366
143,3,3,3,4,6,162,22,24,41745
144,3,3,3,4,6,164,22,25,44773
145,3,3,3,4,7,176,23,26,46482
146,3,3,3,5,7,187,24,27,47277
147,3,3,3,4,7,180,24,26,47352
148,3,3,3,4,7,176,23,26,47223
149,3,3,3,7,6,177,22,26,52863
150,3,3,3,5,10,192,23,26,56117
151,3,3,3,7,7,207,24,26,
152,3,3,3,5,7,190,24,27,
153,3,3,3,5,7,192,24,27,
154,3,3,3,5,7,194,24,27,
155,3,3,3,4,7,198,25,27,
156,3,3,3,5,7,201,25,27,
157,3,3,3,5,7,202,25,27,
158,3,3,3,5,7,203,25,28,
159,3,3,3,5,7,205,25,27,
160,3,3,3,5,7,220,26,28,
161,3,3,3,5,7,212,25,28,
162,3,3,3,5,8,216,26,28,
163,3,3,3,5,7,218,26,28,
164,3,3,3,5,7,219,26,29,
165,3,3,3,5,8,223,26,29,
166,3,3,3,5,7,223,26,29,
167,3,3,3,5,8,227,26,28,
168,3,3,3,5,8,231,26,29,
169,3,3,3,5,7,234,26,30,
170,3,3,3,5,8,235,27,29,
171,3,3,3,5,8,238,27,30,
172,3,4,3,5,8,240,28,30,
173,3,3,3,5,8,246,28,31,
174,3,3,3,5,8,247,28,30,
175,3,3,3,5,8,251,28,31,
176,3,3,3,5,8,252,28,31,
177,3,3,3,5,8,256,29,31,
178,3,3,3,5,8,259,28,32,
179,3,3,3,5,8,261,29,32,
180,4,4,3,5,8,265,29,32,
181,3,3,3,6,9,273,29,32,
182,3,3,3,5,8,270,29,33,
183,4,3,4,5,8,276,30,33,
184,4,3,4,5,8,278,30,33,
185,3,4,3,5,9,282,30,34,
186,3,3,3,6,8,285,30,34,
187,4,4,4,6,9,285,30,33,
188,4,3,4,6,9,290,31,35,
189,4,4,3,6,9,291,30,35,
190,4,3,3,6,8,293,30,35,
191,4,4,3,6,9,300,31,35,
192,4,4,4,6,9,303,31,36,
193,4,4,3,6,9,305,31,37,
194,4,4,4,6,9,308,31,37,
195,4,4,4,6,9,313,32,38,
196,3,3,3,6,9,318,32,36,
197,4,4,4,6,9,318,33,38,
198,4,4,3,6,9,325,33,38,
199,4,4,3,6,9,325,33,38,
200,4,4,4,6,9,332,33,37,
201,4,4,4,6,9,329,33,37,
202,4,4,3,6,9,334,34,38,
203,4,4,4,6,9,338,33,37,
204,4,4,4,6,10,340,34,39,
205,4,4,4,6,9,347,34,39,
206,4,4,4,6,9,348,34,39,
207,4,4,4,6,9,352,35,38,
208,4,4,4,6,9,356,35,38,
209,4,4,4,6,9,360,35,39,
210,4,4,4,6,10,365,35,39,
211,4,4,4,6,10,366,35,39,
212,4,4,4,6,9,369,35,39,
213,4,4,4,7,10,373,35,39,
214,4,4,4,6,10,378,35,39,
215,4,4,4,7,10,383,37,39,
216,4,4,4,7,10,384,37,39,
217,4,4,4,7,10,388,36,39,
218,4,4,4,7,10,391,36,40,
219,4,4,4,7,10,397,37,40,
220,4,4,4,7,10,398,36,41,
221,4,4,4,6,10,403,37,41,
222,4,4,4,7,10,409,38,41,
223,4,4,4,7,10,410,37,41,
224,4,4,4,7,10,415,37,41,
225,4,4,4,6,10,419,37,41,
226,4,4,4,6,11,425,38,42,
227,4,5,4,7,10,424,38,42,
228,5,4,4,7,10,429,38,42,
229,4,4,4,7,10,435,39,42,
230,4,4,4,7,10,434,38,43,
231,4,4,4,7,10,440,39,43,
232,4,4,4,7,10,441,38,43,
233,4,5,4,7,10,446,39,43,
234,4,4,4,7,11,452,39,44,
235,5,4,4,7,10,455,38,44,
236,4,4,4,7,11,462,40,43,
237,5,4,4,7,11,463,40,44,
238,4,4,4,7,11,467,40,44,
239,4,4,4,7,11,471,40,44,
240,4,4,4,7,11,476,40,44,
241,5,5,4,7,11,479,40,45,
242,4,4,4,7,11,483,41,45,
243,4,4,4,7,11,485,40,46,
244,5,5,4,7,11,490,39,46,
245,4,4,4,7,11,496,41,46,
246,5,5,4,7,11,503,41,46,
247,4,5,4,7,11,500,43,47,
248,5,4,4,7,11,506,42,47,
249,4,4,4,7,11,511,42,47,
250,4,5,4,7,11,518,42,48,
251,5,4,4,7,11,520,42,46,
252,4,5,4,7,11,530,43,48,
253,5,5,5,8,11,533,43,48,
254,5,5,4,7,11,534,43,48,
255,5,4,4,8,11,534,43,47,
256,4,4,5,8,11,543,43,49,
257,5,4,4,7,12,546,43,54,
258,5,5,4,7,11,549,44,53,
259,5,5,5,8,11,552,44,54,
260,5,4,5,8,12,556,44,53,
261,5,5,4,8,12,563,44,54,
262,5,5,5,7,12,565,44,54,
263,5,5,5,8,12,577,44,54,
264,5,5,4,7,12,580,45,54,
265,5,5,5,8,12,579,45,54,
266,5,5,5,8,12,584,45,54,
267,5,5,5,8,12,586,45,54,
268,5,5,5,8,12,592,46,55,
269,5,5,5,8,12,598,45,55,
270,5,5,5,8,12,600,45,55,
271,5,5,5,8,12,605,46,56,
272,5,5,5,8,12,611,47,54,
273,5,5,5,8,12,617,46,54,
274,5,5,5,8,12,619,46,56,
275,5,5,5,8,12,627,52,51,
276,4,5,5,8,12,628,47,57,
277,5,5,5,8,13,646,47,56,
278,5,5,5,9,13,659,47,57,
279,5,5,5,8,13,663,48,56,
280,5,5,5,8,13,663,48,56,
281,5,5,5,8,13,665,48,56,
282,5,5,5,8,12,671,49,57,
283,5,5,5,8,13,675,48,57,
284,5,5,5,9,13,681,49,57,
285,5,5,5,9,13,688,49,57,
286,6,5,5,9,13,690,50,57,
287,5,5,5,9,13,694,48,59,
288,5,5,5,9,13,702,51,58,
289,5,5,5,9,13,709,49,58,
290,5,5,5,8,13,709,49,58,
291,5,5,5,9,13,716,49,59,
292,5,6,5,9,13,719,50,60,
293,5,5,5,9,14,725,51,58,
294,5,5,5,9,13,730,51,59,
295,5,5,6,9,14,735,51,59,
296,5,5,5,9,14,743,51,59,
297,5,5,5,9,14,748,51,59,
298,5,5,5,9,14,751,51,59,
299,5,5,5,9,13,757,51,60,
300,5,5,6,9,13,760,52,60,
301,5,5,6,9,14,762,52,60,
302,6,5,5,9,14,769,52,61,
303,5,6,5,9,13,773,54,61,
304,5,5,6,9,14,779,53,61,
305,6,5,5,9,14,789,54,61,
306,6,5,6,9,14,793,53,61,
307,6,6,5,9,14,797,53,62,
308,6,6,5,9,14,800,54,62,
309,6,5,6,9,14,808,55,62,
310,6,5,5,9,14,809,54,62,
311,5,5,6,9,14,812,54,62,
312,6,6,6,9,14,818,54,64,
313,5,6,6,9,14,821,63,65,
314,6,5,6,9,14,830,55,63,
315,6,6,6,9,14,839,55,64,
316,6,6,5,10,14,842,56,66,
317,6,6,6,9,14,844,55,64,
318,6,6,6,9,14,863,54,63,
319,6,5,6,9,14,840,54,64,
320,6,5,6,9,14,844,55,63,
321,6,6,5,9,14,853,56,64,
322,6,6,5,9,14,858,55,64,
323,6,6,6,10,14,861,56,65,
324,6,6,6,9,15,876,57,65,
325,6,6,6,9,14,876,56,65,
326,6,5,6,9,15,875,57,65,
327,6,6,6,9,14,882,55,65,
328,6,6,5,9,14,885,56,66,
329,6,6,6,9,15,893,57,65,
330,6,6,6,10,15,901,56,66,
331,6,6,6,9,15,904,57,67,
332,6,6,6,9,15,908,57,67,
333,6,6,6,10,14,919,58,66,
334,6,6,7,9,15,918,57,66,
335,6,6,6,10,14,926,58,66,
336,6,6,6,10,15,934,59,67,
337,6,6,6,10,15,939,60,64,
338,6,6,5,9,15,968,61,71,
339,6,6,6,10,16,1005,62,72,
340,6,6,6,10,16,1018,61,73,
341,6,6,6,10,16,998,57,68,
342,6,6,6,10,16,1004,62,72,
343,6,7,6,10,16,1017,62,72,
344,6,6,6,11,16,1025,63,72,
345,6,6,7,10,16,1021,62,74,
346,6,7,6,10,16,1042,63,72,
347,6,7,7,10,16,1045,64,73,
348,6,6,6,11,17,1039,65,73,
349,6,7,6,11,16,1054,63,73,
350,7,6,7,11,16,1058,64,73,
351,6,6,6,11,17,966,59,69,
352,6,6,6,10,15,1017,61,68,
353,6,6,6,10,16,1025,61,69,
354,6,6,6,10,16,1031,61,70,
355,6,6,6,10,15,1038,61,70,
356,6,6,6,10,16,1045,62,70,
357,6,6,6,10,16,1045,62,70,
358,6,6,6,10,16,1054,62,70,
359,6,6,6,10,16,1057,62,70,
360,6,6,6,11,16,1063,62,71,
361,6,6,6,10,16,1071,62,70,
362,6,6,6,11,16,1072,62,73,
363,6,6,7,10,16,1084,62,70,
364,6,6,6,11,16,1089,63,73,
365,6,6,6,11,16,1088,65,72,
366,6,6,6,11,16,1100,64,72,
367,6,6,6,10,16,1104,64,73,
368,7,6,6,11,16,1110,63,74,
369,7,6,6,11,16,1119,63,73,
370,6,6,6,11,16,1124,65,73,
371,7,6,6,11,16,1129,64,74,
372,7,6,6,11,16,1141,64,75,
373,7,7,6,11,16,1140,64,73,
374,6,7,7,11,16,1153,65,76,
375,6,6,6,11,16,1156,65,76,
376,7,7,7,11,16,1162,65,75,
377,7,6,7,11,16,1163,66,76,
378,7,6,7,11,17,1173,65,75,
379,7,7,6,11,17,1186,66,75,
380,7,7,6,11,17,1185,65,77,
381,7,7,6,11,17,1197,66,76,
382,7,6,7,11,17,1203,67,77,
383,7,7,7,12,17,1200,66,80,
384,7,7,6,11,17,1228,67,77,
385,7,7,7,11,17,1219,67,80,
386,7,7,7,11,17,1225,68,80,
387,7,7,7,11,17,1225,67,81,
388,7,7,7,11,17,1233,67,79,
389,7,7,7,11,17,1237,67,80,
390,7,7,7,11,17,1255,68,81,
391,7,7,7,11,17,1258,68,80,
392,7,7,7,11,17,1266,69,80,
393,7,7,7,11,17,1268,68,80,
394,7,7,7,11,17,1270,68,80,
395,7,7,7,11,17,1277,69,81,
396,7,7,7,11,17,1290,68,82,
397,7,7,7,11,17,1289,69,82,
398,7,7,7,11,17,1301,69,81,
399,7,7,7,11,17,1297,69,80,
400,7,7,7,11,17,1298,70,82,
401,7,7,7,12,18,1308,70,82,
402,7,7,7,12,17,1321,72,81,
403,7,7,7,11,18,1333,70,83,
404,7,7,7,11,18,1335,70,82,
405,7,7,7,12,18,1348,72,84,
406,7,7,7,11,17,1348,71,84,
407,7,7,7,12,18,1369,72,83,
408,7,7,7,12,18,1367,71,83,
409,7,7,7,11,18,1365,72,82,
410,7,7,7,12,18,1372,71,82,
411,7,7,7,12,18,1386,72,84,
412,7,7,7,12,18,1392,72,84,
413,7,7,7,12,18,1401,72,84,
414,7,7,7,12,18,1400,73,85,
415,7,7,7,12,18,1407,72,85,
416,7,8,7,12,18,1427,73,86,
417,7,7,7,12,18,1423,74,84,
418,7,7,7,12,18,1422,73,85,
419,7,7,7,12,18,1440,73,84,
420,7,7,8,12,18,1449,74,86,
421,8,7,7,12,18,1459,73,85,
422,7,7,7,12,19,1450,74,87,
423,7,7,7,12,18,1469,75,86,
424,7,7,7,12,18,1468,75,87,
425,8,7,7,12,18,1474,77,86,
426,7,8,7,12,18,1471,73,88,
427,7,7,7,13,19,1533,77,90,
428,8,8,8,13,19,1576,79,93,
429,8,8,8,13,19,1581,77,92,
430,8,8,7,13,19,1597,80,92,
431,8,8,8,13,20,1598,78,95,
432,8,8,8,13,20,1611,81,94,
433,8,8,8,13,19,1619,80,94,
434,8,8,8,13,20,1626,80,94,
435,8,8,8,13,20,1639,81,94,
436,8,8,8,13,20,1641,82,93,
437,8,8,8,13,20,1646,82,95,
438,8,8,8,13,20,1650,81,95,
439,8,8,8,13,20,1665,83,96,
440,8,8,8,13,20,1670,81,97,
441,8,8,8,13,20,1677,81,96,
442,8,8,8,13,20,1683,82,95,
443,8,8,8,13,20,1696,84,96,
444,8,8,8,13,20,1699,83,96,
445,8,8,8,13,20,1704,82,97,
446,8,8,8,13,20,1720,83,97,
447,8,8,8,13,20,1725,85,96,
448,8,8,8,13,21,1729,83,98,
449,8,8,8,13,20,1733,83,99,
450,8,8,8,14,20,1747,83,100,
451,8,8,8,13,20,1750,85,99,
452,8,8,8,14,21,1761,85,99,
453,8,8,8,13,20,1768,84,100,
454,8,8,8,13,21,1780,85,101,
455,8,8,8,14,21,1783,84,101,
456,8,8,8,14,21,1784,86,100,
457,8,8,8,13,21,1800,84,101,
458,8,8,8,14,21,1806,84,101,
459,8,9,8,13,20,1811,85,101,
460,8,8,8,14,21,1825,87,100,
461,9,8,8,13,21,1831,86,101,
462,9,8,8,14,21,1841,86,102,
463,9,8,8,13,21,1850,86,102,
464,8,8,8,14,21,1865,87,102,
465,8,9,8,14,21,1866,89,102,
466,9,8,8,14,21,1877,87,101,
467,8,8,8,14,21,1882,86,103,
468,8,8,8,14,22,1890,88,103,
469,9,8,8,14,21,1895,87,104,
470,9,8,8,14,21,1902,86,103,
471,8,8,9,14,21,1902,89,103,
472,8,8,8,14,21,1916,89,103,
473,8,8,8,15,21,1918,89,104,
474,9,10,8,14,22,1932,88,103,
475,8,8,8,14,22,1942,89,103,
476,9,8,8,14,22,1944,89,104,
477,9,9,8,14,21,1960,88,105,
478,9,9,8,14,22,1956,90,105,
479,9,8,8,14,22,1971,91,104,
480,9,9,9,14,22,1981,89,106,
481,9,8,8,14,22,1993,89,106,
482,9,8,8,14,22,1990,89,105,
483,9,9,8,14,22,1996,90,105,
484,9,9,8,14,22,2006,90,106,
485,9,9,9,14,22,2021,90,106,
486,9,9,8,15,22,2030,90,108,
487,9,9,8,14,22,2062,90,107,
488,9,8,9,14,22,2054,91,106,
489,9,9,8,14,22,2058,91,107,
490,9,9,9,15,23,1921,85,100,
491,8,8,8,14,21,1966,88,101,
492,8,8,8,14,21,1952,87,101,
493,8,8,8,13,21,1967,88,101,
494,8,8,8,14,21,1982,88,102,
495,9,8,8,14,21,1981,88,102,
496,9,8,8,14,21,1992,88,103,
497,8,8,8,14,21,2001,88,103,
498,8,8,8,14,21,2011,89,103,
499,9,8,8,14,21,2017,89,103,
500,9,8,8,14,21,2024,88,103,
501,9,8,8,14,21,2034,89,104,
502,9,8,8,14,21,2045,88,104,
503,9,9,8,14,21,2048,89,105,
504,8,8,8,14,22,2068,91,104,
505,9,8,8,14,21,2069,91,105,
506,9,9,9,14,22,2071,89,105,
507,9,8,8,14,22,2081,91,106,
508,9,8,8,14,22,2081,91,105,
509,9,8,9,14,22,2092,91,107,
510,9,8,8,14,22,2104,93,107,
511,9,8,9,15,22,2116,90,107,
512,9,9,8,14,22,2113,90,107,
513,9,8,8,14,23,2123,92,115,
514,9,9,8,14,22,2138,91,116,
515,9,9,9,14,22,2142,92,115,
516,9,9,8,14,22,2156,92,116,
517,9,9,9,15,22,2159,93,116,
518,9,8,9,15,22,2173,92,116,
519,9,9,8,15,22,2181,91,117,
520,9,9,8,14,22,2194,94,116,
521,9,9,9,15,22,2198,92,116,
522,9,9,9,14,22,2206,93,117,
523,9,9,8,14,23,2221,93,117,
524,9,9,9,15,23,2230,93,117,
525,9,9,9,15,22,2237,94,117,
526,9,9,9,14,22,2245,96,116,
527,9,9,9,14,23,2256,95,117,
528,10,9,9,15,23,2268,95,117,
529,9,9,9,15,22,2270,95,118,
530,9,9,9,15,23,2278,95,117,
531,9,9,9,15,22,2279,96,118,
532,9,9,9,15,23,2299,96,118,
533,9,9,9,15,22,2298,95,118,
534,9,9,9,15,23,2306,97,118,
535,9,9,9,15,23,2323,96,119,
536,9,9,9,15,23,2327,95,119,
537,10,9,9,15,23,2336,97,119,
538,9,9,9,15,23,2350,96,119,
539,9,9,9,15,23,2426,98,120,
540,9,10,9,16,23,2373,99,119,
541,9,9,9,15,23,2388,97,119,
542,9,9,9,15,23,2392,98,120,
543,9,9,9,15,23,2402,97,120,
544,9,9,9,16,23,2403,100,121,
545,10,10,9,15,23,2417,99,120,
546,9,9,9,16,23,2423,97,120,
547,9,9,9,16,24,2429,98,120,
548,10,9,9,15,23,2443,98,120,
549,9,10,9,15,23,2445,99,120,
550,9,9,9,15,23,2454,100,121,
551,9,9,9,16,24,2473,99,122,
552,10,9,9,15,24,2477,98,120,
553,9,9,9,16,23,2482,100,122,
554,9,10,9,16,24,2491,100,121,
555,10,9,9,16,24,2504,101,121,
556,10,9,10,15,24,2506,100,121,
557,9,10,9,15,24,2517,100,123,
558,9,9,9,16,24,2526,101,123,
559,9,9,9,15,24,2545,102,123,
560,9,9,9,16,24,2545,101,123,
561,10,10,9,16,24,2567,103,123,
562,10,10,10,15,24,2573,101,124,
563,10,10,9,16,25,2580,103,123,
564,10,9,9,16,24,2590,103,124,
565,10,10,9,16,24,2582,102,123,
566,10,9,9,17,24,2597,101,124,
567,10,10,10,16,24,2613,102,124,
568,9,9,9,16,24,2618,102,126,
569,10,9,9,16,24,2629,103,125,
570,10,9,9,16,24,2634,104,125,
571,10,9,10,16,24,2641,103,125,
572,10,10,9,16,24,2662,103,126,
573,10,10,9,16,25,2666,103,126,
574,10,10,9,16,25,2667,105,126,
575,10,10,10,16,25,2691,103,127,
576,10,10,9,16,25,2700,105,127,
577,10,10,10,16,24,2704,105,130,
578,10,10,10,16,24,2710,104,128,
579,10,10,9,16,25,2712,105,128,
580,10,10,10,16,24,2732,106,129,
581,10,10,9,16,25,2737,107,128,
582,10,9,10,16,24,2748,104,129,
583,10,10,9,16,25,2764,106,129,
584,10,10,10,16,26,2769,106,129,
585,10,10,10,16,25,2792,109,129,
586,10,10,10,16,25,2797,106,129,
587,10,10,10,16,25,2811,109,130,
588,10,10,10,16,25,2806,107,130,
589,10,10,9,17,25,2815,106,130,
590,10,10,10,16,25,2837,108,130,
591,10,10,10,17,25,2843,108,131,
592,10,10,10,16,25,2845,105,130,
593,10,10,10,16,25,2885,110,132,
594,10,10,10,17,25,2894,111,132,
595,10,10,10,17,26,2871,108,130,
596,10,10,10,16,25,2872,108,131,
597,10,10,10,16,26,2881,111,130,
598,10,10,10,16,25,2910,109,130,
599,10,10,10,18,25,2917,111,131,
600,10,10,10,17,25,2911,109,132,
601,10,10,10,16,26,2933,111,132,
602,10,10,10,17,25,2935,109,132,
603,10,10,10,16,26,2957,109,132,
604,10,10,10,17,25,2951,110,132,
605,10,10,10,16,25,2968,111,132,
606,10,10,10,17,26,2962,111,133,
607,11,10,11,17,26,2967,111,133,
608,10,10,10,17,26,2978,110,133,
609,10,10,10,17,26,3000,110,133,
610,10,10,10,17,26,3012,111,132,
611,10,10,10,17,27,3019,113,135,
612,11,10,10,17,26,3024,112,134,
613,10,10,10,17,26,3031,111,134,
614,10,10,10,17,26,3052,112,133,
615,10,10,10,17,26,3055,110,134,
616,10,10,10,17,26,3069,111,135,
617,10,10,10,18,27,3088,114,136,
618,10,10,10,18,26,3144,120,143,
619,11,11,11,18,28,3308,119,143,
620,11,11,11,18,28,3321,120,144,
621,11,11,11,18,28,3322,122,145,
622,11,11,11,19,28,3336,120,145,
623,11,11,11,18,28,3353,121,145,
624,11,11,11,18,28,3218,116,136,
625,11,11,11,17,27,3194,116,137,
626,11,10,11,18,27,3216,116,138,
627,11,11,11,18,27,3222,116,138,
628,10,11,11,18,26,3225,116,142,
629,11,11,10,18,27,3242,115,140,
630,11,11,10,18,27,3256,116,140,
631,11,11,11,18,27,3270,117,140,
632,11,11,10,18,27,3281,117,142,
633,11,11,11,18,27,3309,117,141,
634,11,11,11,18,27,3302,118,140,
635,11,11,11,18,28,3307,117,142,
636,11,11,11,18,28,3333,117,143,
637,11,11,11,18,28,3334,118,142,
638,11,11,11,18,27,3350,119,142,
639,11,11,11,18,28,3354,118,145,
640,11,11,11,18,28,3370,118,141,
641,11,11,11,18,28,3378,120,147,
642,11,11,11,18,28,3385,118,144,
643,11,11,11,18,28,3401,120,145,
644,11,11,11,18,27,3400,120,146,
645,11,11,11,18,28,3402,121,145,
646,11,11,11,18,28,3428,121,148,
647,11,11,11,18,28,3441,120,147,
648,12,11,11,18,28,3435,120,147,
649,11,11,11,18,28,3458,120,145,
650,11,11,11,18,28,3465,120,144,
651,11,11,11,18,28,3479,121,146,
652,11,11,11,19,28,3489,122,147,
653,11,11,11,18,28,3513,123,148,
654,11,11,11,19,28,3526,121,150,
655,11,11,11,18,28,3526,122,147,
656,11,11,11,19,29,3536,122,153,
657,11,11,11,18,29,3554,122,148,
658,11,11,11,18,29,3544,122,151,
659,11,11,11,19,29,3649,124,149,
660,12,11,11,19,29,3741,125,149,
661,11,11,11,19,29,3529,121,145,
662,11,11,11,18,28,3549,123,147,
663,11,11,11,18,28,3552,120,146,
664,11,11,11,18,28,3568,123,148,
665,11,11,11,19,28,3591,121,146,
666,11,11,11,19,29,3591,123,147,
667,11,11,11,18,28,3611,122,148,
668,11,11,11,19,28,3613,123,146,
669,11,11,11,18,28,3638,122,147,
670,11,11,11,18,28,3633,125,147,
671,11,11,12,18,29,3650,126,148,
672,12,11,11,19,28,3665,124,148,
673,11,11,11,18,28,3676,125,148,
674,12,11,11,19,29,3691,126,149,
675,11,11,11,19,29,3690,126,149,
676,11,11,11,19,29,3697,124,148,
677,11,11,11,19,29,3711,126,149,
678,11,12,11,18,29,3714,125,149,
679,12,11,11,18,29,3733,126,150,
680,11,11,11,18,29,3750,125,149,
681,11,12,11,19,29,3771,127,150,
682,11,11,12,20,29,3781,126,150,
683,12,11,12,19,29,3779,126,151,
684,11,11,11,19,30,3794,127,150,
685,11,12,11,19,29,3817,128,151,
686,11,12,11,19,29,3821,127,150,
687,11,11,11,19,30,3842,127,151,
688,12,11,11,19,29,3846,126,152,
689,12,12,12,19,30,3855,128,151,
690,12,11,11,19,29,3866,130,152,
691,12,11,11,19,30,3873,129,153,
692,12,12,11,19,29,3882,130,153,
693,11,12,11,19,29,3878,130,153,
694,12,12,12,19,29,3901,131,154,
695,12,12,12,20,29,3936,129,154,
696,12,12,12,19,29,3942,131,155,
697,12,12,11,20,29,3944,129,154,
698,12,12,11,20,29,3973,135,162,
699,12,12,12,20,30,3979,129,155,
700,12,12,11,20,30,3962,129,154,
701,12,12,12,20,30,3976,130,155,
702,12,11,12,19,30,3999,132,155,
703,12,12,12,21,30,4015,130,156,
704,12,12,11,20,30,4032,129,155,
705,12,12,12,21,30,4057,132,157,
706,12,12,12,20,30,4062,131,158,
707,12,12,12,20,30,4070,131,159,
708,12,12,12,20,30,4079,133,157,
709,12,12,12,19,30,4093,133,159,
710,12,12,12,19,30,4096,134,160,
711,12,12,12,20,30,4107,132,161,
712,12,12,12,20,30,4119,134,158,
713,12,12,12,20,31,4128,134,159,
714,12,12,12,20,30,4143,133,159,
715,12,12,12,20,30,4149,133,159,
716,12,12,12,20,31,4214,137,173,
717,12,12,12,21,31,4188,135,159,
718,12,12,12,22,31,4200,134,161,
719,12,12,12,20,30,4204,135,159,
720,12,13,12,20,31,4210,135,159,
721,12,12,12,20,30,4227,136,160,
722,12,12,12,20,31,4231,135,161,
723,13,12,12,20,30,4246,137,160,
724,12,12,12,20,31,4277,135,162,
725,12,12,12,20,31,4271,137,160,
726,12,12,12,20,31,4306,134,162,
727,12,12,12,20,31,4294,136,162,
728,12,12,12,20,31,4300,137,161,
729,12,12,12,20,31,4322,137,162,
730,12,12,12,20,31,4317,136,166,
731,12,12,12,20,32,4357,137,162,
732,13,12,13,20,31,4351,136,162,
733,12,13,12,20,31,4373,137,165,
734,13,13,12,20,31,4379,137,162,
735,13,12,12,21,32,4392,137,163,
736,12,13,12,20,32,4401,139,164,
737,13,12,12,20,32,4420,138,164,
738,12,12,12,20,31,4430,138,165,
739,12,12,12,20,31,4437,137,163,
740,12,12,12,20,32,4447,139,164,
741,12,12,12,20,31,4443,139,165,
742,12,12,13,20,32,4549,138,165,
743,12,12,12,20,31,4468,138,165,
744,13,13,12,21,32,4478,143,165,
745,13,12,12,21,31,4520,139,166,
746,13,13,12,21,33,4532,139,165,
747,13,13,12,20,32,4561,140,165,
748,12,12,13,21,32,4557,141,166,
749,13,13,12,21,32,4574,140,167,
750,12,12,13,21,32,4588,141,166,
751,13,15,13,22,34,4762,143,168,
752,13,12,12,22,32,4618,143,167,
753,12,13,12,21,32,4650,140,167,
754,12,12,12,21,32,4614,142,167,
755,12,13,13,21,33,4639,142,171,
756,13,13,13,21,32,4660,143,168,
757,12,13,13,21,32,4683,143,167,
758,13,13,14,21,33,4676,138,166,
759,13,13,13,22,34,4941,151,181,
760,14,13,14,22,35,4967,150,178,
761,14,13,13,22,34,4960,135,162,
762,12,12,12,20,33,4714,142,171,
763,13,13,12,21,32,4732,144,171,
764,13,13,13,21,33,4739,143,171,
765,13,13,12,22,32,4740,145,168,
766,13,13,13,22,32,4753,144,171,
767,13,12,13,21,33,4791,143,171,
768,13,12,13,21,32,4795,144,171,
769,13,13,13,21,33,4792,146,175,
770,13,13,13,21,32,4812,144,177,
771,13,13,13,22,32,4833,145,176,
772,13,13,13,22,33,4834,146,176,
773,13,12,13,21,33,4849,147,177,
774,13,13,12,21,33,4866,147,177,
775,13,13,13,22,33,4901,146,177,
776,13,13,13,21,33,4890,153,178,
777,13,13,13,21,33,4922,150,178,
778,14,13,13,22,33,4947,146,178,
779,13,14,13,21,34,4928,146,177,
780,13,13,13,21,33,4932,147,178,
781,13,13,13,22,33,4947,147,178,
782,13,13,13,21,33,4945,148,176,
783,13,13,14,21,33,4954,149,178,
784,13,13,13,22,33,4992,149,177,
785,13,13,13,22,34,4986,148,178,
786,13,13,13,22,34,5166,148,179,
787,13,13,13,22,33,5030,149,179,
788,13,13,13,22,34,5057,151,183,
789,13,13,13,22,33,5068,150,180,
790,13,13,13,22,33,5084,151,179,
791,13,13,13,22,34,5073,151,178,
792,13,13,13,23,34,5109,149,179,
793,14,13,13,22,33,5104,151,180,
794,13,13,13,22,34,5107,150,181,
795,13,13,13,22,34,5131,151,180,
796,13,13,13,22,35,5169,150,179,
797,13,13,13,22,34,5154,152,180,
798,13,13,13,22,34,5183,152,182,
799,14,13,13,22,35,5175,153,180,
800,14,13,13,22,34,5184,151,181,
801,13,13,13,22,34,5218,152,181,
802,14,13,14,22,34,5252,154,184,
803,14,13,13,23,34,5280,153,183,
804,14,13,13,22,35,5289,153,182,
805,13,14,13,23,35,5311,155,183,
806,14,14,13,22,35,5319,155,185,
807,14,14,14,23,34,5433,160,192,
808,15,14,14,23,36,5601,163,195,
809,15,14,14,24,36,5623,163,194,
810,14,14,15,24,37,5634,146,179,
811,14,13,13,22,34,5382,157,185,
812,14,13,14,23,35,5383,155,183,
813,14,14,14,22,34,5418,156,184,
814,14,14,13,23,34,5411,155,184,
815,14,14,14,23,34,5437,157,186,
816,14,14,14,23,35,5465,156,188,
817,14,14,14,23,36,5476,156,189,
818,14,14,14,23,35,5485,159,186,
819,14,14,14,23,35,5490,158,187,
820,14,14,14,23,35,5512,157,186,
821,14,14,14,23,36,5511,157,189,
822,14,14,14,23,35,5509,156,186,
823,14,14,14,23,35,5538,156,188,
824,14,14,14,23,36,5544,156,188,
825,14,14,14,23,35,5552,158,187,
826,14,14,13,23,35,5595,160,188,
827,14,14,14,23,35,5606,160,188,
828,14,14,14,22,36,5597,157,188,
829,14,14,14,23,35,5614,160,189,
830,14,14,14,23,35,5635,158,189,
831,14,14,14,23,35,5662,159,189,
832,14,14,14,23,36,5663,160,191,
833,14,14,13,23,36,5683,160,190,
834,14,14,13,24,36,5676,160,192,
835,14,14,14,23,36,5723,162,190,
836,14,14,14,24,35,5672,160,191,
837,14,14,14,23,35,5701,158,191,
838,14,14,14,23,36,5711,161,195,
839,14,15,14,23,36,5748,163,191,
840,14,14,14,23,36,5742,162,191,
841,14,14,14,24,35,5825,160,192,
842,14,14,14,23,36,5855,163,197,
843,15,14,15,25,37,6079,171,201,
844,15,15,15,24,38,6545,169,203,
845,15,15,15,25,38,6031,172,200,
846,15,15,14,24,37,5940,164,198,
847,15,14,14,24,36,5937,163,196,
848,14,14,14,25,36,5899,163,194,
849,14,14,14,24,37,5906,165,195,
850,14,14,15,24,36,6020,174,205,
851,15,15,15,25,39,6217,172,203,
852,15,15,15,25,39,6242,171,204,
853,15,15,15,25,39,6253,171,205,
854,15,15,15,25,39,6270,170,204,
855,15,15,15,25,39,6280,171,204,
856,15,16,15,25,39,6262,172,204,
857,15,15,15,25,38,6271,172,206,
858,15,15,15,25,39,6298,174,206,
859,15,15,15,25,39,6280,175,211,
860,15,15,15,25,39,6342,174,205,
861,15,15,15,25,39,6347,172,207,
862,15,15,15,25,39,6332,172,206,
863,15,15,15,25,39,6360,172,205,
864,16,15,15,25,39,6400,175,206,
865,15,15,15,25,39,6347,157,187,
866,14,14,13,24,37,6017,166,197,
867,14,14,14,23,37,6077,167,196,
868,15,14,14,23,37,6117,167,197,
869,15,14,14,25,37,6117,165,197,
870,14,14,14,23,38,6099,168,197,
871,14,14,14,24,37,6143,164,197,
872,14,14,15,24,36,6172,167,198,
873,15,15,14,24,37,6165,168,197,
874,15,14,14,24,37,6162,166,198,
875,15,14,15,24,37,6188,168,198,
876,14,14,15,24,37,6218,167,199,
877,15,15,15,25,38,6248,167,198,
878,15,15,14,24,37,6249,168,200,
879,15,15,14,24,38,6251,168,200,
880,15,15,14,24,37,6275,169,200,
881,14,14,14,24,38,6252,166,200,
882,15,15,14,24,38,6289,170,201,
883,14,14,14,24,37,6305,169,200,
884,15,14,15,25,38,6342,170,202,
885,15,15,14,24,38,6357,171,202,
886,15,15,14,25,38,6366,170,202,
887,15,15,15,25,38,6362,171,202,
888,15,15,15,25,38,6383,170,202,
889,15,14,15,24,39,6648,180,214,
890,15,15,15,26,41,6730,178,216,
891,16,16,15,26,40,6765,179,215,
892,15,15,16,26,40,6766,183,213,
893,16,16,16,26,41,6781,179,214,
894,16,16,15,26,40,6462,170,202,
895,15,15,15,25,38,6458,172,204,
896,15,15,15,25,38,6468,168,205,
897,15,14,14,25,38,6485,172,207,
898,15,15,15,25,38,6496,171,206,
899,15,15,14,26,38,6512,173,209,
900,15,15,15,24,38,6527,171,207,
901,15,15,15,25,38,6554,176,207,
902,15,15,15,25,39,6567,171,208,
903,15,15,15,25,39,6582,173,207,
904,15,15,14,24,39,6585,172,207,
905,15,15,15,25,39,6610,174,207,
906,15,15,14,25,39,6650,175,207,
907,15,15,15,25,39,6661,175,209,
908,15,15,15,25,39,6683,174,209,
909,15,15,15,25,39,6741,176,210,
910,16,15,16,26,39,6737,177,208,
911,15,15,15,25,38,6714,176,209,
912,15,15,15,25,39,6720,175,210,
913,15,15,15,25,39,6765,175,210,
914,15,15,15,25,39,6760,176,210,
915,15,15,16,25,40,6798,175,210,
916,15,15,15,25,38,6777,176,211,
917,15,15,15,25,39,6832,178,210,
918,15,15,16,25,40,6815,177,211,
919,15,16,15,26,39,6808,176,210,
920,15,16,15,25,41,6835,177,211,
921,15,16,15,26,39,6847,179,211,
922,16,16,15,25,39,6902,179,211,
923,16,16,15,25,39,6891,178,212,
924,16,15,16,26,39,6883,177,212,
925,15,15,15,26,39,6869,178,213,
926,16,15,15,26,39,6908,180,212,
927,15,15,16,25,39,6947,176,212,
928,15,15,15,26,39,6970,180,213,
929,15,16,15,26,40,7005,179,213,
930,15,15,15,26,40,6975,178,213,
931,16,15,16,26,40,7000,180,214,
932,16,15,15,26,40,7023,180,213,
933,15,16,15,26,40,7000,180,213,
934,16,15,15,26,40,7130,181,214,
935,16,15,15,26,40,7067,180,215,
936,16,16,16,26,40,7040,178,215,
937,15,16,15,26,42,7085,180,215,
938,16,15,16,26,40,7089,182,214,
939,16,16,15,26,40,7113,180,215,
940,16,16,16,26,40,7153,182,216,
941,15,16,16,26,40,7726,193,229,
942,17,16,17,27,42,7218,182,217,
943,16,15,15,26,41,7228,182,216,
944,16,15,17,27,41,7259,182,216,
945,16,16,15,27,40,7255,183,217,
946,16,16,15,27,40,7302,184,218,
947,16,16,16,26,40,7311,183,217,
948,15,16,16,26,41,7322,185,218,
949,15,16,15,27,40,7348,184,218,
950,16,16,15,26,41,7354,187,218,
951,16,16,16,27,42,7338,182,218,
952,16,16,16,26,41,7369,183,219,
953,16,16,16,26,40,7386,185,219,
954,16,16,16,26,40,7392,185,219,
955,16,16,16,26,41,7418,185,220,
956,16,16,15,27,41,7429,186,221,
957,16,16,15,27,42,7450,187,221,
958,16,16,16,27,42,7540,196,232,
959,17,17,17,28,45,7859,195,232,
960,16,18,17,27,43,7970,189,228,
961,18,18,17,36,46,8501,208,251,
962,18,18,19,29,40,7846,192,228,
963,16,16,17,27,42,7940,195,231,
964,17,17,16,28,43,7946,198,235,
965,17,17,16,28,44,8047,200,236,
966,17,17,17,28,45,8289,201,240,
967,19,18,17,28,44,8220,203,244,
968,17,18,18,29,45,8216,202,239,
969,18,17,17,29,45,8191,202,240,
970,17,17,17,29,45,8197,201,239,
971,17,17,17,28,44,8207,203,241,
972,17,17,17,28,45,8182,202,239,
973,17,17,17,29,44,8193,200,241,
974,17,17,17,29,46,8206,201,241,
975,18,17,17,29,45,8202,201,240,
976,17,17,17,28,44,8209,203,241,
977,17,18,17,29,44,8225,200,239,
978,18,17,17,29,44,8210,201,238,
979,17,17,17,28,44,8226,202,242,
980,17,17,17,29,43,7736,190,227,
981,16,16,16,27,43,7756,190,226,
982,16,16,16,26,42,7792,191,227,
983,17,17,16,27,41,7845,192,228,
984,17,16,16,27,41,7865,193,227,
985,16,16,16,27,42,7878,190,228,
986,16,16,16,27,43,7863,191,226,
987,17,16,16,27,42,7896,193,226,
988,16,17,16,27,43,7930,189,228,
989,16,16,16,27,42,7962,193,228,
990,17,17,16,28,42,8259,196,229,
991,17,17,17,28,44,8090,197,233,
992,17,17,16,28,44,8095,195,231,
993,17,17,17,28,43,8118,194,232,
994,17,17,16,28,43,8107,195,233,
995,18,17,17,28,43,8150,196,232,
996,17,17,16,28,45,8213,204,244,
997,18,17,17,29,45,8541,205,242,
998,18,18,17,29,45,8530,204,244,
999,17,17,18,29,45,8549,203,245,
1000,18,18,17,29,45,8586,204,244,
1001,18,17,17,29,46,8590,204,245,
1002,18,18,17,29,46,8574,208,244,
1003,17,17,17,29,47,8599,206,242,
1004,18,17,17,29,46,8579,203,244,
1005,18,17,17,29,45,8421,198,233,
1006,17,17,17,28,43,8387,204,241,
1007,18,17,17,29,45,8565,204,241,
1008,17,17,17,28,46,8591,204,243,
1009,18,18,17,29,45,8607,205,242,
1010,18,18,17,30,46,8635,206,243,
1011,18,18,18,29,45,8615,207,243,
1012,18,18,17,29,45,8272,195,234,
1013,17,17,17,29,44,8361,197,231,
1014,17,17,17,28,43,8279,195,233,
1015,17,17,17,28,43,8286,196,235,
1016,17,17,17,28,44,8309,196,233,
1017,17,17,17,28,43,8321,200,234,
1018,16,17,17,28,44,8376,200,236,
1019,17,17,17,29,44,8465,201,238,
1020,17,17,17,29,44,8506,200,238,
1021,17,17,17,29,44,8529,202,238,
1022,17,17,17,28,44,8534,200,238,
1023,17,17,17,28,44,8766,210,248,
1024,18,18,18,30,47,8909,207,247,
1025,18,18,18,30,47,8898,209,263,
1026,18,18,18,29,46,8924,209,264,
1027,18,18,18,30,47,8947,210,267,
1028,18,18,18,30,47,8547,200,254,
1029,17,17,17,28,44,8486,199,253,
1030,18,17,18,27,43,8651,199,254,
1031,17,17,17,28,44,8508,198,254,
1032,18,17,17,29,44,8543,199,254,
1033,17,17,17,28,44,8561,201,255,
1034,17,17,17,29,44,8586,199,256,
1035,17,17,17,28,45,8597,201,254,
1036,18,17,17,29,44,8637,201,256,
1037,17,17,17,28,45,8646,200,255,
1038,17,17,17,28,44,8855,213,267,
1039,18,18,18,30,47,9156,213,267,
1040,19,18,18,30,46,9152,214,267,
1041,18,18,18,30,46,9183,213,267,
1042,18,18,18,30,47,9158,211,265,
1043,18,17,18,31,47,9035,201,255,
1044,17,17,17,28,45,8744,201,256,
1045,17,17,17,29,45,8798,202,256,
1046,17,17,17,29,44,8782,205,256,
1047,17,17,17,29,45,8820,204,255,
1048,18,17,17,29,44,8839,206,256,
1049,18,17,17,28,45,8846,206,256,
1050,17,17,17,29,45,8921,206,259,
1051,17,18,17,29,45,9010,206,257,
1052,17,17,17,29,46,9039,209,259,
1053,18,18,18,29,45,9035,208,261,
1054,18,18,17,29,46,9079,209,259,
1055,18,17,18,29,45,9050,208,259,
1056,18,18,17,29,46,9087,209,259,
1057,18,17,17,29,45,9129,209,260,
1058,18,18,17,29,46,9162,208,260,
1059,18,18,18,30,46,9160,210,260,
1060,18,18,17,29,47,9014,206,258,
1061,18,18,17,29,45,9043,208,257,
1062,18,18,17,30,46,9072,207,260,
1063,18,18,18,29,45,9068,206,259,
1064,17,18,17,29,45,9132,208,257,
1065,18,17,17,29,45,9468,216,271,
1066,20,19,18,31,48,9651,217,272,
1067,19,19,18,31,48,9641,219,272,
1068,19,19,18,31,48,9663,220,270,
1069,19,19,19,31,48,9680,221,273,
1070,19,19,18,30,48,9316,208,259,
1071,17,17,17,29,46,9183,209,259,
1072,18,18,17,29,45,9194,213,260,
1073,17,17,17,29,47,9241,220,276,
1074,19,19,19,32,49,9837,220,279,
1075,19,19,18,32,49,9910,223,278,
1076,19,19,19,32,48,9894,224,279,
1077,19,19,19,32,49,9888,220,280,
1078,19,19,19,32,49,9909,221,275,
1079,19,19,19,32,48,9899,223,280,
1080,19,19,19,32,49,9920,223,285,
1081,20,20,19,33,52,9998,223,279,
1082,19,19,19,32,48,9938,221,281,
1083,19,19,19,32,49,9947,222,277,
1084,19,19,19,32,49,9992,223,275,
1085,19,19,18,32,48,9938,222,276,
1086,19,19,19,32,48,10011,222,277,
1087,19,19,19,32,49,9813,212,264,
1088,18,18,18,30,46,9439,209,263,
1089,18,18,18,30,46,9460,212,266,
1090,18,18,18,30,47,9496,214,266,
1091,18,18,18,30,47,9533,215,266,
1092,19,18,18,30,46,9578,214,266,
1093,18,18,18,30,47,9613,213,267,
1094,18,18,18,30,47,9615,215,268,
1095,18,18,18,30,46,9636,215,265,
1096,18,18,18,30,48,9643,216,268,
1097,18,18,18,30,47,9675,214,267,
1098,18,18,19,30,47,9678,215,267,
1099,18,18,18,30,47,9716,216,267,
1100,18,18,19,30,46,9745,218,269,
1101,18,18,18,30,47,9765,217,269,
1102,18,18,18,30,47,9783,215,268,
1103,18,18,18,30,47,9795,215,269,
1104,18,18,18,31,47,9792,219,269,
1105,18,19,18,30,47,9793,215,269,
1106,18,18,18,31,47,9812,216,268,
1107,18,18,18,31,47,9868,218,268,
1108,18,19,18,30,47,9891,218,268,
1109,18,18,18,31,47,9939,219,269,
1110,18,18,18,31,48,9945,217,270,
1111,18,18,18,30,47,9937,215,271,
1112,18,18,19,30,47,9935,218,270,
1113,19,18,18,30,47,9969,218,269,
1114,18,18,18,31,47,9993,218,272,
1115,18,19,18,31,49,9967,220,269,
1116,18,18,18,30,47,10030,219,272,
1117,19,18,18,31,47,10109,220,272,
1118,19,19,18,30,48,10155,225,272,
1119,19,19,19,32,48,10270,223,273,
1120,19,19,19,31,49,10257,222,276,
1121,19,19,18,31,48,10272,223,274,
1122,19,19,18,31,48,10316,223,273,
1123,20,19,18,31,49,10319,225,275,
1124,19,19,19,32,49,10498,233,283,
1125,20,19,20,32,51,10716,232,284,
1126,20,20,19,33,50,10696,233,283,
1127,20,19,19,32,50,10734,235,282,
1128,20,20,20,32,52,10722,231,284,
1129,20,20,20,32,49,10746,232,284,
1130,20,19,20,33,51,10773,232,284,
1131,20,20,19,33,50,10635,220,270,
1132,19,18,19,31,48,10244,219,274,
1133,18,18,19,31,48,10276,220,271,
1134,19,18,18,31,48,10296,225,273,
1135,19,19,18,31,49,10331,225,273,
1136,19,19,18,31,46,10853,235,287,
1137,20,20,20,34,51,10952,235,286,
1138,20,20,19,33,51,10931,237,287,
1139,20,20,19,33,51,10935,235,287,
1140,20,20,20,32,50,10715,225,273,
1141,19,19,18,31,48,10390,224,272,
1142,19,19,19,32,48,10407,223,274,
1143,19,19,19,31,48,10419,222,273,
1144,19,18,18,32,49,10433,223,275,
1145,19,18,19,31,49,10463,223,276,
1146,19,18,19,32,48,10512,226,276,
1147,19,19,18,32,48,10559,226,276,
1148,19,19,18,31,49,10541,222,278,
1149,19,19,19,32,49,10560,225,279,
1150,19,19,18,31,49,10571,225,278,
1151,19,19,19,33,48,10600,225,276,
1152,19,19,19,32,48,10632,224,279,
1153,19,19,19,32,49,10923,242,298,
1154,21,20,20,34,53,11437,240,296,
1155,20,20,20,34,52,11303,243,295,
1156,20,20,20,33,51,11328,240,295,
1157,21,20,20,34,52,11370,239,294,
1158,20,22,21,34,52,11350,242,295,
1159,21,20,20,35,52,11348,238,293,
1160,21,20,20,34,51,11328,240,294,
1161,20,20,20,33,51,10813,230,284,
1162,20,19,19,32,49,10808,229,280,
1163,19,19,19,32,49,10794,228,282,
1164,20,19,19,32,49,10837,229,283,
1165,19,19,19,32,50,10913,242,300,
1166,21,22,20,34,52,11631,241,301,
1167,20,20,20,34,52,11578,242,299,
1168,20,20,20,34,52,11602,243,296,
1169,21,20,21,34,52,11503,243,296,
1170,20,21,20,35,52,11523,242,297,
1171,21,21,20,35,53,11615,240,295,
1172,20,20,21,35,53,11662,243,296,
1173,20,21,20,34,53,11683,242,296,
1174,20,21,20,35,55,11671,244,296,
1175,20,20,21,34,53,11672,240,296,
1176,20,20,20,35,52,11685,244,296,
1177,21,20,20,34,52,11746,244,297,
1178,21,20,20,35,51,11757,245,300,
1179,21,21,20,35,52,11793,246,297,
1180,20,20,20,34,52,11754,245,300,
1181,21,21,21,35,52,11812,243,297,
1182,21,21,20,35,53,11840,248,298,
1183,21,21,20,35,52,11807,245,298,
1184,20,20,20,35,53,11854,246,304,
1185,21,21,20,36,53,11199,232,282,
1186,19,19,19,32,49,11148,232,282,
1187,19,19,19,33,50,11193,231,281,
1188,19,19,19,33,50,11197,235,281,
1189,19,19,19,33,50,11284,236,284,
1190,20,19,19,33,50,11345,233,287,
1191,20,19,19,33,50,11366,234,284,
1192,20,20,19,33,51,11353,232,287,
1193,20,21,19,33,51,11347,236,287,
1194,20,20,20,33,50,11385,234,287,
1195,20,20,19,33,50,11412,236,289,
1196,20,19,19,33,51,11459,234,290,
1197,20,19,20,33,51,11501,236,288,
1198,20,20,19,33,51,11461,236,289,
1199,19,20,19,33,51,11511,235,289,
1200,20,20,20,34,53,11506,235,289,
1201,19,19,19,33,51,11589,235,289,
1202,20,20,20,33,51,14307,256,311,
1203,21,21,21,36,55,12546,268,313,
1204,22,21,19,33,49,11855,240,292,
1205,20,20,20,35,56,13174,281,337,
1206,23,23,24,42,61,13632,258,313,
1207,22,21,21,36,57,12744,258,313,
1208,21,22,21,36,55,12751,256,313,
1209,21,21,21,37,55,12662,257,313,
1210,21,22,21,36,55,12702,255,313,
1211,21,21,21,36,55,12558,253,310,
1212,21,21,21,36,54,12043,242,314,
1213,22,21,21,35,54,12599,253,311,
1214,21,24,21,36,55,12583,252,312,
1215,22,21,21,37,58,12579,252,310,
1216,21,19,20,35,54,12660,255,313,
1217,22,21,21,36,54,12696,255,313,
1218,22,22,21,36,55,12630,257,315,
1219,21,21,21,36,55,12647,256,312,
1220,21,21,21,35,54,12683,257,313,
1221,22,21,21,35,55,12696,256,322,
1222,21,21,21,37,55,12698,255,311,
1223,22,24,21,36,55,12866,254,313,
1224,22,21,22,40,56,12811,255,322,
1225,21,21,21,36,55,12769,257,313,
1226,22,22,21,37,55,12807,255,319,
1227,22,22,21,37,55,12836,256,312,
1228,21,21,21,36,55,12855,256,311,
1229,21,22,21,36,55,12834,255,312,
1230,21,21,21,36,55,12858,257,309,
1231,22,22,21,36,56,12903,255,324,
1232,21,21,21,36,55,12918,259,311,
1233,21,21,21,37,55,12937,260,315,
1234,22,22,21,37,55,12966,266,313,
1235,22,22,21,37,55,12938,265,312,
1236,21,22,21,38,55,12943,260,322,
1237,22,22,21,36,55,12974,258,323,
1238,22,21,21,36,56,13014,259,313,
1239,24,22,22,37,55,13034,258,310,
1240,21,24,21,37,55,13031,259,312,
1241,22,21,22,42,55,13064,257,315,
1242,21,21,22,39,55,13055,259,312,
1243,22,22,21,37,58,12433,245,298,
1244,20,20,20,34,52,12447,247,300,
1245,21,21,21,35,52,12490,247,301,
1246,20,21,21,35,53,12514,248,299,
1247,20,21,20,35,52,12539,250,314,
1248,21,20,20,34,53,12564,250,299,
1249,20,21,24,36,53,12639,247,301,
1250,20,20,20,35,53,13042,261,314,
1251,22,21,21,37,56,13347,272,327,
1252,22,22,22,37,56,12846,246,302,
1253,21,20,20,35,53,12625,251,303,
1254,20,20,20,35,53,12777,249,302,
1255,21,21,20,35,53,12705,250,305,
1256,21,21,21,35,53,13059,264,318,
1257,22,22,22,37,57,13387,262,317,
1258,22,22,21,37,55,13398,263,316,
1259,22,22,21,37,56,13460,264,316,
1260,22,22,22,37,56,13437,265,317,
1261,22,22,21,37,55,13464,262,317,
1262,24,22,21,37,55,13472,265,317,
1263,22,21,22,37,55,13513,265,317,
1264,22,21,22,38,56,13492,264,317,
1265,22,21,22,37,56,13485,262,317,
1266,22,22,21,37,59,13504,264,318,
1267,22,22,22,39,57,13275,252,302,
1268,21,21,24,36,54,12870,250,304,
1269,21,21,20,37,58,12925,250,305,
1270,21,21,20,36,53,12912,252,305,
1271,21,21,21,35,53,12952,253,306,
1272,21,21,21,35,53,13009,253,307,
1273,21,20,21,35,54,13076,252,306,
1274,21,21,20,36,54,13024,253,308,
1275,21,21,21,36,54,13091,256,308,
1276,21,21,21,37,55,13128,254,310,
1277,21,21,21,35,54,13182,253,309,
1278,21,21,21,35,55,13155,254,309,
1279,21,21,21,36,54,13151,252,309,
1280,21,21,21,36,54,13590,272,328,
1281,22,22,22,38,58,14039,252,341,
1282,22,22,22,38,57,13930,268,326,
1283,22,22,22,41,58,13881,270,335,
1284,23,23,22,37,57,13925,270,329,
1285,22,22,21,37,57,13931,270,327,
1286,23,22,22,37,56,13962,268,328,
1287,23,22,22,38,57,14119,269,328,
1288,22,22,22,38,56,14003,267,328,
1289,22,22,22,43,57,14004,269,344,
1290,22,22,22,38,57,14038,268,328,
1291,23,23,22,38,58,14023,270,327,
1292,22,22,22,37,56,14042,269,327,
1293,22,22,22,38,57,14046,271,327,
1294,22,22,22,37,56,14055,267,328,
1295,22,24,22,37,58,14057,278,329,
1296,22,22,22,37,57,14104,274,328,
1297,22,22,22,38,57,14173,271,327,
1298,22,22,22,37,57,14158,269,329,
1299,22,22,22,37,57,14192,271,329,
1300,23,25,22,38,57,14218,277,339,
1301,23,23,23,39,57,14271,273,328,
1302,23,22,22,38,56,14241,273,328,
1303,22,22,22,37,60,14319,270,329,
1304,23,23,22,39,64,14275,281,331,
1305,23,23,23,38,57,14357,272,330,
1306,23,22,22,38,57,13655,258,311,
1307,22,21,21,36,56,14112,273,331,
1308,23,23,22,39,59,14517,275,331,
1309,23,23,25,41,59,14580,276,337,
1310,23,23,23,39,59,14593,276,332,
1311,23,23,22,39,58,14315,266,318,
1312,22,21,21,38,56,13961,264,320,
1313,22,22,24,38,57,13881,260,330,
1314,22,21,21,37,55,13826,262,319,
1315,21,22,22,37,55,13821,262,319,
1316,22,22,21,36,55,13827,261,315,
1317,21,21,21,37,55,13889,262,319,
1318,22,22,22,37,55,13893,261,316,
1319,22,22,21,37,55,13915,261,319,
1320,22,22,21,37,59,13912,261,321,
1321,24,23,22,37,55,13966,269,320,
1322,22,22,22,37,56,13980,265,321,
1323,21,21,21,38,56,14037,265,320,
1324,22,22,21,37,55,14100,265,322,
1325,22,22,22,37,56,14088,265,320,
1326,22,22,21,38,60,14136,264,336,
1327,22,22,22,37,56,14232,265,322,
1328,22,21,21,37,57,14203,267,326,
1329,22,22,22,37,57,14633,281,344,
1330,23,23,23,40,60,15160,283,347,
1331,23,23,23,40,59,15133,280,342,
1332,24,23,23,39,60,15129,283,351,
1333,23,24,23,39,60,15180,280,340,
1334,23,23,23,40,59,15148,282,343,
1335,24,23,23,42,60,15172,281,342,
1336,24,23,23,40,61,15200,286,348,
1337,23,23,23,39,59,15231,284,343,
1338,23,24,23,40,60,15202,281,339,
1339,23,23,23,40,60,15235,281,350,
1340,23,23,23,40,60,15252,284,342,
1341,24,23,23,40,60,15305,282,339,
1342,24,26,23,40,60,14660,268,325,
1343,22,22,22,38,57,14479,270,327,
1344,22,21,22,38,58,15288,283,340,
1345,23,28,23,40,60,15350,281,341,
1346,23,24,23,40,59,15367,286,340,
1347,24,24,24,44,61,15424,282,344,
1348,24,24,23,40,59,15403,284,343,
1349,23,23,23,40,65,15404,284,345,
1350,23,23,23,40,60,15420,285,344,
1351,23,23,23,40,59,15446,285,344,
1352,24,23,23,40,60,15501,285,342,
1353,23,23,23,39,60,15517,285,344,
1354,24,23,23,40,59,15672,279,336,
1355,23,23,22,40,59,15416,263,325,
1356,21,22,22,39,59,15181,271,328,
1357,22,22,22,38,57,15035,286,358,
1358,24,23,25,40,61,15769,289,351,
1359,23,23,23,40,61,15183,274,344,
1360,23,22,22,38,57,14842,272,330,
1361,22,22,22,38,57,14829,273,331,
1362,22,22,22,38,57,14868,273,345,
1363,22,23,22,38,57,14966,277,353,
1364,22,22,22,38,57,15003,277,334,
1365,22,22,23,43,60,15899,289,348,
1366,24,25,24,41,61,15912,289,356,
1367,24,24,23,41,61,15925,288,346,
1368,24,24,24,41,61,15910,301,347,
1369,24,24,23,41,61,15980,294,351,
1370,24,24,24,40,62,15986,292,347,
1371,24,24,23,42,63,15759,276,333,
1372,23,23,25,38,58,15208,280,334,
1373,22,23,22,38,58,15257,278,333,
1374,23,22,23,39,58,15969,302,368,
1375,25,25,25,43,65,16461,291,375,
1376,23,24,23,40,60,16470,305,366,
1377,25,26,25,43,65,16408,286,347,
1378,22,23,23,42,62,16585,303,360,
1379,26,24,24,43,64,16508,296,356,
1380,24,25,28,42,63,16469,298,358,
1381,24,24,24,42,62,16502,296,357,
1382,24,25,24,42,63,16471,294,366,
1383,24,24,24,42,62,16332,297,356,
1384,24,24,24,41,62,16365,299,358,
1385,24,24,24,42,62,16380,294,365,
1386,24,24,24,42,63,16403,293,355,
1387,24,24,24,41,62,16419,295,356,
1388,25,24,24,41,62,16409,302,354,
1389,24,24,24,42,63,16413,295,348,
1390,24,24,24,41,62,16462,294,351,
1391,24,24,24,41,60,16409,295,354,
1392,25,24,24,41,62,15778,281,338,
1393,22,22,23,39,60,15879,283,340,
1394,23,24,22,39,58,15675,281,339,
1395,23,23,23,39,61,15703,282,339,
1396,23,23,23,39,58,15756,280,341,
1397,22,22,23,46,61,16626,297,354,
1398,24,25,24,42,63,16622,295,358,
1399,25,24,24,41,62,16642,297,368,
1400,24,24,24,40,62,16557,297,354,
1401,24,24,24,42,63,16678,298,356,
1402,24,25,24,41,61,16641,304,383,
1403,25,25,24,42,63,17017,303,383,
1404,25,25,25,43,63,16771,298,358,
1405,24,25,24,46,62,16772,296,358,
1406,25,24,24,40,62,16827,300,361,
1407,24,25,24,42,62,16249,279,347,
1408,23,23,23,39,59,15868,280,342,
1409,23,23,23,39,58,15930,285,347,
1410,23,22,23,40,61,16165,284,345,
1411,23,23,23,40,61,16683,301,366,
1412,25,25,25,42,63,17053,300,366,
1413,25,25,24,42,63,16993,303,368,
1414,25,24,24,42,61,17020,298,371,
1415,25,25,24,42,63,16968,302,360,
1416,25,25,24,42,68,16708,285,345,
1417,23,23,23,39,59,16286,290,349,
1418,24,23,23,40,60,16288,288,349,
1419,23,23,23,46,62,17075,306,366,
1420,25,24,24,42,64,17141,301,363,
1421,25,24,25,42,62,17139,301,362,
1422,25,25,24,42,63,17151,306,362,
1423,25,25,24,42,63,16405,289,347,
1424,23,23,26,42,60,16296,284,347,
1425,23,23,24,42,62,17190,310,366,
1426,25,25,25,42,63,17270,305,365,
1427,25,25,25,42,63,17253,309,367,
1428,25,25,25,43,63,17274,302,372,
1429,25,25,24,42,63,17231,305,363,
1430,24,24,24,45,65,17167,301,362,
1431,25,24,24,42,62,17228,305,363,
1432,25,25,24,41,63,17251,301,364,
1433,25,24,25,42,63,17305,303,363,
1434,24,24,24,42,63,17306,314,363,
1435,24,25,25,42,63,17360,303,377,
1436,25,24,25,41,59,17161,305,364,
1437,25,25,26,45,63,17113,288,347,
1438,23,23,24,40,60,16805,305,365,
1439,25,24,25,42,67,17514,307,365,
1440,25,25,25,42,64,17491,308,365,
1441,25,25,25,42,63,17565,309,355,
1442,24,24,25,42,64,17514,314,366,
1443,25,25,25,42,64,17570,309,367,
1444,25,25,25,46,64,17588,307,378,
1445,25,25,24,43,65,17627,306,378,
1446,25,25,25,44,64,20056,326,383,
1447,26,25,26,44,65,17928,312,373,
1448,25,25,25,43,65,17881,309,370,
1449,26,25,25,43,65,17880,311,369,
1450,26,26,25,42,59,16785,292,351,
1451,24,24,23,41,61,17400,317,373,
1452,26,25,25,47,65,17832,300,352,
1453,24,24,24,42,61,16899,295,354,
1454,24,23,24,46,62,16915,291,350,
1455,24,24,23,41,62,17036,311,370,
1456,25,25,25,43,65,17995,310,371,
1457,26,26,25,43,65,18031,310,381,
1458,26,25,25,43,66,18083,310,373,
1459,25,25,26,43,64,18094,311,375,
1460,26,25,24,45,64,18024,310,370,
1461,26,25,25,44,65,17993,307,368,
1462,24,25,23,40,60,17066,291,351,
1463,24,24,24,41,61,17109,297,355,
1464,24,24,23,41,62,17175,302,353,
1465,24,24,24,41,61,17202,297,366,
1466,25,24,24,41,62,17175,295,357,
1467,24,24,23,42,71,17343,296,360,
1468,24,24,24,41,61,17773,313,374,
1469,26,26,25,44,65,18362,314,385,
1470,27,25,26,45,67,18368,314,382,
1471,26,25,30,44,65,18283,313,381,
1472,27,26,25,44,64,18298,311,391,
1473,26,26,25,44,65,18334,332,394,
1474,27,27,28,43,67,18486,322,384,
1475,26,26,25,44,66,18685,352,435,
1476,27,29,31,48,69,19837,307,387,
1477,29,28,26,46,71,18754,323,388,
1478,27,32,27,49,65,18162,309,375,
1479,25,24,25,43,64,18259,317,388,
1480,26,26,26,44,66,18651,322,384,
1481,26,26,26,45,67,18746,336,382,
1482,24,25,24,42,63,18054,304,367,
1483,26,25,24,43,66,18151,303,371,
1484,25,25,25,42,63,18179,319,388,
1485,27,27,26,44,67,18856,323,387,
1486,29,26,26,45,67,18901,325,386,
1487,26,26,26,44,67,18880,328,389,
1488,26,26,26,44,66,18852,321,384,
1489,26,26,26,44,66,18820,321,381,
1490,26,26,26,45,70,18816,324,394,
1491,27,26,26,45,66,18757,333,382,
1492,27,26,26,44,66,18797,323,381,
1493,26,26,26,43,66,18790,321,380,
1494,26,25,26,44,65,18842,322,383,
1495,26,26,25,44,65,18831,323,385,
1496,27,26,26,44,65,18872,327,382,
1497,27,26,26,43,65,18946,322,382,
1498,26,26,26,44,67,18919,321,381,
1499,26,26,25,44,65,18959,326,380,
1500,26,26,27,50,66,18964,324,396,
1501,26,26,26,45,66,18729,324,389,
1502,26,26,26,45,66,19147,324,387,
1503,26,26,26,44,67,19170,324,383,
1504,26,26,26,46,74,19179,321,395,
1505,26,26,26,45,67,18709,308,363,
1506,24,24,24,42,63,18130,362,480,
1507,35,35,32,52,82,21046,316,371,
1508,26,25,24,43,64,19420,333,395,
1509,26,26,26,46,68,19639,328,396,
1510,27,26,26,46,69,18766,320,373,
1511,25,25,25,42,64,18357,309,373,
1512,25,25,25,43,64,18377,309,375,
1513,25,25,25,43,64,18403,321,402,
1514,27,26,27,45,68,19504,327,394,
1515,26,26,26,45,67,19548,329,388,
1516,27,26,26,45,68,19580,326,397,
1517,27,26,27,45,67,19552,324,390,
1518,27,26,27,46,68,19495,326,386,
1519,27,26,26,46,67,19432,327,387,
1520,26,27,26,43,67,19497,326,388,
1521,27,27,26,44,68,19462,323,387,
1522,26,26,26,45,68,19488,325,387,
1523,26,26,27,45,67,19520,327,387,
1524,26,26,27,44,67,19528,324,388,
1525,26,26,26,45,66,19596,327,389,
1526,27,26,26,45,67,19640,327,392,
1527,31,33,30,53,73,19769,331,428,
1528,27,28,27,49,78,19945,316,392,
1529,26,27,28,52,69,20287,334,404,
1530,27,27,28,50,74,20568,341,413,
1531,28,27,28,48,71,20104,333,392,
1532,26,26,26,45,66,19839,330,408,
1533,26,26,26,44,66,20197,347,405,
1534,27,27,26,46,69,20549,323,384,
1535,26,26,25,44,66,19129,320,379,
1536,26,25,25,44,65,19159,321,384,
1537,26,26,26,44,65,19349,319,388,
1538,26,26,26,45,65,19338,320,389,
1539,26,25,25,45,66,19312,318,388,
1540,26,25,26,44,65,19310,317,389,
1541,26,25,25,44,65,19353,321,387,
1542,26,26,26,47,66,19400,318,389,
1543,26,26,25,44,66,19448,322,388,
1544,26,26,26,44,65,19509,321,394,
1545,26,26,26,44,66,20081,335,408,
1546,27,27,26,46,69,20310,335,405,
1547,27,27,27,45,69,20295,335,408,
1548,27,27,27,46,69,20329,334,407,
1549,27,27,27,46,69,20316,336,405,
1550,27,27,27,46,68,20341,331,406,
1551,27,27,27,45,68,20265,332,403,
1552,26,27,26,46,68,20288,335,405,
1553,27,27,27,46,68,20316,337,404,
1554,27,27,26,46,68,20349,330,404,
1555,27,27,26,45,68,20336,335,405,
1556,26,27,27,45,68,20342,330,403,
1557,27,27,27,46,68,19589,316,381,
1558,25,25,25,43,65,19205,315,383,
1559,25,25,26,43,65,19282,313,384,
1560,25,26,25,44,65,19355,318,386,
1561,25,25,25,43,66,19880,340,410,
1562,27,27,28,46,69,20701,337,409,
1563,27,27,27,46,70,20697,337,409,
1564,27,27,27,46,69,20744,335,412,
1565,27,27,27,47,70,20710,331,406,
1566,27,27,27,46,69,20758,338,406,
1567,27,27,27,46,69,20759,335,406,
1568,27,27,27,46,69,20733,335,407,
1569,27,27,27,46,68,20774,337,406,
1570,27,27,27,46,70,20766,334,404,
1571,27,27,27,46,68,20727,334,405,
1572,27,27,27,46,69,20689,331,407,
1573,27,27,27,46,68,20730,334,407,
1574,27,27,27,47,68,20811,334,408,
1575,26,27,27,46,70,20735,333,406,
1576,26,27,27,46,68,20840,338,407,
1577,27,27,27,46,69,20836,337,408,
1578,27,27,27,46,69,20950,339,407,
1579,27,27,27,46,69,21001,339,408,
1580,27,27,27,46,70,20910,336,409,
1581,27,27,27,45,69,20934,341,408,
1582,27,27,27,46,69,20508,325,393,
1583,26,26,26,44,66,20104,323,394,
1584,26,26,26,45,66,20923,377,478,
1585,30,26,26,45,67,20404,337,410,
1586,27,27,28,46,70,20759,321,389,
1587,26,26,26,44,67,20180,341,410,
1588,28,27,27,47,70,21265,339,411,
1589,27,28,27,47,70,21337,342,412,
1590,28,27,27,47,70,20842,345,411,
1591,28,27,27,46,71,21317,341,413,
1592,27,28,27,46,71,21364,340,411,
1593,27,27,27,47,71,21387,341,412,
1594,27,27,28,47,70,21312,337,412,
1595,28,28,27,47,71,21385,341,414,
1596,28,28,28,47,70,21416,343,413,
1597,27,27,27,47,69,20821,325,395,
1598,27,26,26,45,67,20483,324,399,
1599,26,26,26,44,67,20600,330,398,
1600,26,26,26,45,68,20574,330,399,
1601,26,26,26,46,68,20682,329,401,
1602,27,26,26,45,67,20716,327,401,
1603,26,26,26,45,67,20663,331,399,
1604,26,27,26,45,71,20775,331,402,
1605,27,26,27,45,67,20864,336,402,
1606,27,27,27,45,68,20835,333,403,
1607,26,26,27,45,68,20817,333,403,
1608,27,26,27,45,68,20942,336,404,
1609,27,27,27,45,69,20917,330,403,
1610,27,26,27,45,68,20848,334,404,
1611,27,27,27,45,68,21007,331,404,
1612,27,26,26,45,68,21044,337,400,
1613,26,26,27,46,68,20995,336,402,
1614,26,27,27,46,68,21012,331,404,
1615,27,26,27,45,68,21018,334,404,
1616,26,27,26,46,68,21016,326,399,
1617,26,27,26,45,68,20959,332,401,
1618,26,26,27,45,68,21010,329,404,
1619,27,27,27,46,68,21237,335,405,
1620,27,27,27,45,68,21205,337,407,
1621,27,27,27,48,69,21287,338,404,
1622,27,27,26,46,68,21321,335,406,
1623,27,27,27,47,69,21415,334,403,
1624,27,26,27,46,70,21511,337,406,
1625,27,27,25,45,70,22465,351,427,
1626,28,28,29,49,73,22379,352,420,
1627,29,28,28,47,73,22418,351,421,
1628,28,27,28,48,71,22372,356,421,
1629,29,29,28,48,72,22393,356,422,
1630,28,28,28,48,72,22324,343,420,
1631,28,27,28,48,72,22538,340,410,
1632,28,28,32,50,74,23755,368,444,
1633,30,30,29,50,74,23278,371,446,
1634,29,30,29,51,75,23129,356,430,
1635,29,28,29,48,73,22796,357,427,
1636,29,28,29,48,73,21969,340,407,
1637,27,27,27,46,69,21745,343,408,
1638,27,27,27,46,69,21802,339,409,
1639,27,27,27,46,69,22476,355,427,
1640,28,28,28,48,72,22811,377,448,
1641,31,30,30,50,77,22694,355,433,
1642,28,29,29,48,73,23037,356,430,
1643,29,29,29,48,74,21799,341,409,
1644,27,27,27,47,70,21840,342,409,
1645,27,27,27,47,69,21752,341,408,
1646,27,27,27,46,69,21735,339,406,
1647,27,27,27,47,69,21735,339,394,
1648,27,27,27,46,69,22075,344,418,
1649,27,27,28,47,70,22072,342,413,
1650,27,27,27,47,70,22099,343,413,
1651,27,27,27,46,70,22062,343,412,
1652,27,27,27,47,70,22330,340,414,
1653,27,27,27,46,71,22219,343,413,
1654,28,27,27,47,69,22467,358,429,
1655,29,29,29,49,75,23258,360,427,
1656,29,28,29,49,72,22243,337,409,
1657,27,27,27,46,70,21923,332,410,
1658,27,27,27,46,69,21971,347,416,
1659,27,27,27,46,71,22188,344,412,
1660,27,27,27,47,71,22185,343,414,
1661,27,27,28,47,69,22161,342,414,
1662,27,27,27,47,71,22271,341,415,
1663,27,27,27,47,70,22336,344,415,
1664,28,27,28,47,70,22388,343,416,
1665,28,27,28,47,70,22490,348,417,
1666,28,27,27,47,70,22443,346,419,
1667,28,27,27,47,70,22421,346,419,
1668,27,27,27,46,70,22444,349,420,
1669,27,27,28,47,71,22603,349,419,
1670,28,27,28,48,72,22574,347,418,
1671,27,27,29,47,70,22498,348,441,
1672,27,28,28,47,70,22465,343,418,
1673,27,27,27,47,70,22505,344,417,
1674,27,27,27,46,71,23712,363,437,
1675,29,29,29,49,75,23727,361,437,
1676,28,27,28,48,73,23836,363,439,
1677,29,29,30,49,74,23777,362,434,
1678,29,28,29,49,73,23737,363,435,
1679,29,28,29,49,73,23723,365,436,
1680,29,29,29,49,74,23789,365,439,
1681,29,29,30,49,74,23801,363,440,
1682,29,29,29,51,77,23987,363,437,
1683,29,29,29,49,74,23826,362,436,
1684,29,29,29,49,75,23848,364,437,
1685,29,29,29,49,73,23825,363,436,
1686,29,29,29,49,74,23924,362,436,
1687,29,29,29,49,74,23990,368,437,
1688,29,29,30,50,74,24003,362,437,
1689,29,29,29,50,75,23947,361,436,
1690,29,29,28,49,74,23990,362,437,
1691,29,29,29,49,75,24070,364,437,
1692,29,28,29,50,73,23648,344,415,
1693,28,27,27,47,70,23647,364,437,
1694,29,29,29,49,74,24079,369,437,
1695,29,29,30,49,74,23129,345,419,
1696,27,28,27,48,71,22965,346,418,
1697,28,28,28,48,70,23049,349,422,
1698,27,28,28,48,71,23128,351,426,
1699,28,28,28,47,71,23194,351,424,
1700,27,28,28,48,71,23119,349,422,
1701,28,28,28,47,71,23196,350,422,
1702,28,28,28,48,71,23230,349,423,
1703,28,28,28,48,71,23361,352,424,
1704,28,28,28,48,73,23414,354,426,
1705,29,28,29,48,72,23478,354,428,
1706,29,28,29,48,71,23502,352,425,
1707,29,28,28,48,71,23564,354,424,
1708,28,28,29,48,72,23605,354,427,
1709,28,29,28,48,72,23612,356,427,
1710,28,28,28,48,72,23612,355,428,
1711,29,28,28,48,72,23762,358,427,
1712,29,29,29,48,73,23750,356,429,
1713,28,28,28,48,72,23851,359,430,
1714,28,28,29,49,72,25100,406,572,
1715,42,35,37,60,81,24848,358,429,
1716,28,28,28,48,73,23844,359,429,
1717,28,28,28,49,74,23819,357,431,
1718,29,29,28,48,78,24619,376,446,
1719,30,30,30,51,76,25065,374,447,
1720,30,30,31,50,76,25049,374,445,
1721,30,29,29,51,77,24931,373,446,
1722,29,30,30,50,75,25007,373,447,
1723,30,29,30,51,76,25123,373,448,
1724,29,29,30,50,75,24986,393,471,
1725,30,30,30,53,78,24243,352,428,
1726,28,28,28,48,73,24687,371,447,
1727,29,30,29,50,75,24951,373,447,
1728,29,29,30,50,75,23822,354,433,
1729,32,30,30,52,79,24118,358,430,
1730,28,28,29,48,73,23990,358,433,
1731,28,28,28,49,73,24036,357,432,
1732,28,28,28,49,73,24044,359,433,
1733,28,29,30,48,73,23985,355,431,
1734,28,28,28,48,72,24068,355,436,
1735,28,29,29,49,73,24999,378,456,
1736,30,30,30,51,77,26105,410,494,
1737,38,31,42,57,83,26754,392,466,
1738,31,30,31,53,79,26037,382,462,
1739,30,30,31,52,78,25834,384,473,
1740,30,30,31,52,78,25837,378,457,
1741,30,30,30,52,77,25754,379,460,
1742,30,30,31,52,78,25651,379,453,
1743,30,30,30,53,77,25723,381,452,
1744,31,30,29,51,77,25802,379,454,
1745,30,30,30,51,77,25785,379,453,
1746,30,29,31,51,77,24559,357,426,
1747,29,28,29,48,72,24215,356,447,
1748,29,30,30,52,77,25701,379,456,
1749,30,30,30,51,76,25670,380,453,
1750,30,30,30,51,76,25683,381,454,
1751,30,30,30,51,77,25760,377,455,
1752,31,30,30,51,77,25783,376,454,
1753,29,30,31,51,77,25789,380,454,
1754,31,30,31,52,77,25935,379,455,
1755,31,30,30,51,76,25945,379,454,
1756,43,36,30,53,78,25241,361,434,
1757,28,29,29,49,73,24694,365,435,
1758,29,29,29,49,73,24944,367,438,
1759,29,29,29,50,74,24795,358,449,
1760,30,30,30,52,78,26080,385,458,
1761,31,30,31,52,77,26128,377,456,
1762,30,30,31,51,77,25987,380,457,
1763,30,29,31,51,76,26007,378,457,
1764,30,30,30,52,78,26028,379,455,
1765,30,31,30,52,76,26052,380,456,
1766,30,30,30,51,77,26060,381,457,
1767,30,30,31,50,77,26061,379,456,
1768,30,30,30,51,77,26034,379,457,
1769,29,30,30,52,77,24934,363,432,
1770,29,28,29,50,74,24834,364,436,
1771,29,29,29,49,73,24936,364,439,
1772,29,29,30,50,76,25017,366,439,
1773,29,29,29,50,75,25049,366,438,
1774,29,29,29,50,73,25042,364,438,
1775,29,29,29,50,77,25085,365,441,
1776,29,29,29,49,75,25222,369,441,
1777,29,29,29,51,77,26029,387,464,
1778,31,31,31,53,79,26684,388,464,
1779,31,31,31,52,79,26764,353,432,
1780,29,28,29,51,77,25937,365,438,
1781,30,29,29,50,75,25353,369,444,
1782,29,29,29,50,76,25388,367,444,
1783,29,30,28,48,73,25487,371,446,
1784,29,29,29,50,75,25561,374,447,
1785,29,30,29,50,75,25520,371,445,
1786,29,29,29,50,75,25626,371,446,
1787,29,29,29,50,76,26171,377,449,
1788,30,30,30,51,76,26464,391,467,
1789,31,31,31,53,79,27127,389,466,
1790,31,31,31,53,79,27047,392,465,
1791,31,31,31,53,79,26146,372,448,
1792,30,29,30,49,75,26996,390,468,
1793,31,31,31,52,78,27072,386,472,
1794,31,31,31,53,79,27074,393,471,
1795,31,31,31,53,79,27166,393,474,
1796,31,30,31,53,80,27229,391,475,
1797,31,30,31,54,79,27377,392,474,
1798,31,31,31,53,80,28742,395,486,
1799,32,31,33,54,81,26207,369,453,
1800,30,29,29,50,75,25900,370,453,
1801,29,29,30,52,76,26631,394,476,
1802,31,31,31,53,80,27390,393,473,
1803,31,31,31,52,79,27432,391,472,
1804,31,31,31,53,79,27318,391,474,
1805,31,31,31,52,79,27370,392,471,
1806,31,31,31,53,79,26753,393,471,
1807,32,31,32,53,79,27424,391,471,
1808,30,31,32,53,78,27418,392,472,
1809,31,31,31,52,80,26184,372,448,
1810,30,29,29,51,75,26058,374,451,
1811,30,30,29,50,76,26073,374,450,
1812,29,29,30,52,75,27273,394,475,
1813,32,31,31,53,80,27810,399,477,
1814,33,31,31,54,80,27773,392,474,
1815,31,32,31,54,79,27618,392,473,
1816,31,31,32,58,79,27629,393,476,
1817,31,31,32,53,79,27699,399,476,
1818,32,31,32,54,79,27669,394,475,
1819,31,31,31,53,79,27715,397,475,
1820,31,31,31,53,79,27717,398,476,
1821,31,31,31,53,79,27701,398,472,
1822,31,31,31,53,79,27693,399,477,
1823,31,31,31,53,79,27361,375,451,
1824,30,30,30,51,77,26434,375,451,
1825,30,30,30,51,76,26529,375,455,
1826,30,30,30,51,76,27730,396,476,
1827,32,31,32,54,80,28059,394,475,
1828,31,31,32,53,80,28138,403,482,
1829,32,31,31,53,80,28140,398,478,
1830,31,31,31,53,80,28407,404,485,
1831,32,32,32,54,83,29592,412,494,
1832,32,32,32,54,83,28858,385,462,
1833,30,30,30,52,77,27079,383,464,
1834,30,30,30,53,78,27076,385,462,
1835,30,30,30,52,77,27052,381,461,
1836,30,30,30,52,77,27049,380,459,
1837,31,30,30,51,77,27032,380,461,
1838,30,30,30,53,77,28752,401,487,
1839,32,32,32,58,76,28669,403,484,
1840,32,32,32,54,82,28673,404,481,
1841,32,32,32,54,82,28628,402,486,
1842,32,32,32,54,81,28567,402,487,
1843,32,32,32,54,81,28460,401,482,
1844,31,32,32,55,82,28528,403,485,
1845,32,31,32,54,81,28551,401,483,
1846,32,32,31,54,80,28504,399,481,
1847,32,31,31,54,80,27458,380,455,
1848,30,30,30,51,76,27226,383,464,
1849,30,30,31,52,77,27453,386,467,
1850,30,30,31,52,78,27908,382,462,
1851,30,30,30,51,78,27572,397,480,
1852,32,31,35,56,85,27841,381,464,
1853,31,32,32,55,81,29227,408,492,
1854,34,32,32,55,82,28956,390,470,
1855,30,30,30,52,78,27834,391,470,
1856,30,30,30,52,78,28037,409,492,
1857,33,32,32,56,83,30014,393,484,
1858,31,31,31,53,79,28983,407,494,
1859,32,32,32,56,83,29537,409,494,
1860,33,33,35,56,83,29463,409,493,
1861,32,32,32,56,83,29467,412,492,
1862,33,32,33,58,91,28864,395,487,
1863,31,31,31,52,79,28789,410,488,
1864,32,32,32,54,82,29404,407,491,
1865,33,32,32,55,85,28211,385,463,
1866,33,30,30,52,79,27960,386,485,
1867,31,30,31,51,78,29366,407,489,
1868,32,32,32,55,82,29421,405,465,
1869,29,30,36,52,78,28299,393,486,
1870,31,31,32,53,79,28345,394,471,
1871,31,30,31,52,79,29205,409,490,
1872,32,32,32,55,82,29613,409,502,
1873,33,33,33,56,82,28901,398,473,
1874,31,31,31,53,79,28617,412,493,
1875,33,33,32,55,83,29852,416,493,
1876,33,32,32,56,83,29770,411,492,
1877,32,32,33,55,83,29730,423,491,
1878,32,32,32,55,83,29680,411,491,
1879,32,32,32,54,81,29304,393,489,
1880,31,31,31,53,79,28639,397,476,
1881,35,30,30,53,80,29638,413,492,
1882,32,32,33,55,89,29994,412,493,
1883,32,32,33,56,83,29915,413,494,
1884,33,32,36,56,84,29942,413,494,
1885,32,33,33,55,82,30024,411,495,
1886,35,32,32,56,84,30121,413,495,
1887,33,33,32,54,82,30174,413,509,
1888,32,33,32,55,84,30147,415,493,
1889,32,32,32,56,84,30116,420,495,
1890,33,32,33,55,83,30195,412,494,
1891,32,33,36,57,85,29837,399,475,
1892,31,31,31,53,79,28899,397,475,
1893,31,31,31,53,80,29030,397,494,
1894,31,31,32,54,80,29097,400,480,
1895,31,31,31,53,80,29121,402,478,
1896,31,31,31,53,80,30258,418,496,
1897,33,32,33,55,84,30586,416,498,
1898,35,33,33,55,86,30455,391,468,
1899,31,31,31,54,79,29120,396,481,
1900,34,31,32,54,80,29283,403,482,
1901,31,32,32,54,80,29807,418,503,
1902,33,33,38,57,85,30806,418,501,
1903,33,32,35,57,83,30790,419,504,
1904,33,33,33,56,84,30766,416,513,
1905,33,33,33,55,84,29760,397,477,
1906,31,31,31,54,80,29142,396,477,
1907,31,31,33,53,80,29163,400,482,
1908,31,31,31,53,80,29207,398,482,
1909,32,31,30,53,80,29746,405,499,
1910,32,32,33,55,82,29794,405,484,
1911,31,31,32,58,86,29858,405,497,
1912,31,31,32,54,81,29933,410,484,
1913,31,32,32,56,80,29907,411,490,
1914,32,32,32,54,81,30539,420,507,
1915,34,33,33,65,85,30633,402,488,
1916,32,32,33,54,81,29809,400,484,
1917,34,31,32,54,80,29538,403,492,
1918,31,31,32,54,81,29528,399,482,
1919,31,31,35,55,81,29780,408,488,
1920,32,33,32,55,81,30209,405,489,
1921,37,32,33,56,81,30276,407,492,
1922,32,31,32,54,81,30314,417,492,
1923,33,32,33,55,81,30282,409,491,
1924,31,32,32,55,90,30793,425,516,
1925,33,33,33,56,86,31609,428,515,
1926,34,33,33,58,84,33187,396,491,
1927,32,32,32,55,81,31804,430,520,
1928,34,34,35,58,88,32068,429,518,
1929,33,34,33,57,87,31888,433,519,
1930,34,34,33,58,86,31824,427,516,
1931,33,33,34,57,86,31781,428,512,
1932,34,33,33,57,86,31359,405,496,
1933,31,31,32,54,82,29958,405,479,
1934,32,33,33,57,84,31769,426,509,
1935,34,33,33,57,85,31743,398,480,
1936,31,32,32,54,81,30005,402,487,
1937,35,32,32,55,82,30154,403,491,
1938,32,32,32,54,81,30120,407,507,
1939,32,32,32,54,82,30333,408,493,
1940,33,32,32,55,82,30389,409,491,
1941,32,32,32,55,82,30411,413,495,
1942,33,35,32,56,84,31006,412,498,
1943,32,32,32,56,83,30962,412,494,
1944,33,32,33,59,87,34390,471,575,
1945,40,37,39,64,91,31440,416,495,
1946,33,32,32,61,85,32501,437,519,
1947,34,34,35,60,88,32405,429,516,
1948,34,36,34,59,87,32065,430,517,
1949,34,37,36,60,87,32454,429,523,
1950,39,34,35,58,86,32061,407,494,
1951,34,33,32,54,82,30669,407,492,
1952,32,32,32,55,82,30712,409,497,
1953,31,32,32,56,82,31437,421,513,
1954,34,34,34,58,87,32047,425,504,
1955,33,33,33,55,83,31307,415,499,
1956,36,33,34,56,84,32132,434,520,
1957,37,34,34,58,88,32562,433,539,
1958,34,34,34,58,87,31175,407,496,
1959,32,32,33,60,83,32017,434,521,
1960,34,34,34,59,83,32562,427,516,
1961,34,35,34,58,86,32308,418,499,
1962,33,35,33,57,83,31335,414,498,
1963,33,32,32,55,85,32350,431,517,
1964,34,34,34,58,94,32654,429,517,
1965,34,33,38,58,87,32628,434,519,
1966,36,34,34,58,90,31690,419,499,
1967,32,33,37,56,84,32290,436,518,
1968,34,37,32,53,80,31488,419,501,
1969,33,33,33,55,84,32895,432,521,
1970,34,36,34,58,88,32902,432,503,
1971,31,31,32,55,82,31131,412,497,
1972,32,32,33,62,83,31282,414,500,
1973,32,32,32,56,82,31375,418,500,
1974,32,32,32,55,83,32991,438,520,
1975,34,33,34,58,89,31951,420,501,
1976,33,33,33,55,83,32443,437,522,
1977,34,34,34,60,87,33295,442,521,
1978,34,34,37,58,88,33167,435,533,
1979,34,34,35,59,88,33125,443,522,
1980,34,34,34,58,87,33198,436,525,
1981,34,34,34,59,88,33217,436,528,
1982,34,34,34,59,88,33249,440,521,
1983,36,35,35,59,87,33237,451,526,
1984,37,34,34,59,87,33191,436,523,
1985,34,33,35,58,87,33185,438,529,
1986,34,34,34,58,87,33253,438,526,
1987,35,34,37,58,89,33480,454,532,
1988,34,34,34,62,93,33526,444,526,
1989,34,34,34,58,87,33551,443,526,
1990,34,34,35,60,88,33471,435,528,
1991,38,34,34,59,86,33366,452,527,
1992,34,34,35,58,86,33386,437,525,
1993,34,34,34,59,86,33406,425,511,
1994,33,34,34,58,94,34593,453,600,
1995,38,36,37,58,84,33881,442,535,
1996,34,34,35,58,87,33989,441,543,
1997,35,35,35,60,89,33810,444,529,
1998,35,35,35,59,89,33961,441,529,
1999,35,34,35,60,92,32890,420,504,
2000,34,37,32,56,84,32081,418,507,
